Mutation Type,Trinucleotide,Sample1
0,A>C,3166.5378900445767
0,T>G,2635.7024793388427
0,A>G,55355.750371471026
0,T>C,70571.57024793388
0,A>T,2071.9167904903416
0,T>A,8608.264462809917
0,C>A,175.88447653429603
0,G>T,333.02452316076295
0,C>G,180.4332129963899
0,G>C,368.5013623978202
0,C>T,25089.314079422384
0,G>A,16587.138964577658
1,A>C,2436.998514115899
1,T>G,7054.380165289255
1,A>G,26330.81723625557
1,T>C,117796.69421487603
1,A>T,2061.931649331352
1,T>A,6533.719008264462
1,C>A,5252.2743682310465
1,G>T,3072.7520435967303
1,C>G,4730.685920577617
1,G>C,573.3514986376022
1,C>T,142875.81227436822
1,G>A,52463.378746594004
2,A>C,2163.655274888559
2,T>G,9395.04132231405
2,A>G,24385.58692421991
2,T>C,32277.52066115702
2,A>T,868.0832095096582
2,T>A,4860.661157024793
2,C>A,3038.5559566787006
2,G>T,645.449591280654
2,C>G,136.4620938628159
2,G>C,1065.449591280654
2,C>T,68203.75451263538
2,G>A,145083.10626702997
3,A>C,2100.624071322437
3,T>G,1155.8677685950413
3,A>G,31468.17236255572
3,T>C,79126.61157024793
3,A>T,1240.0297176820209
3,T>A,9159.00826446281
3,C>A,7056.606498194946
3,G>T,307.8474114441417
3,C>G,3796.6787003610107
3,G>C,446.3215258855586
3,C>T,56111.69675090253
3,G>A,82745.72207084468
4,A>C,23535.60178306092
4,T>G,13333.553719008263
4,A>G,110698.39524517088
4,T>C,45123.966942148756
4,A>T,20805.91381872214
4,T>A,12436.859504132231
4,C>A,24178.050541516244
4,G>T,15419.836512261581
4,C>G,31427.2202166065
4,G>C,13232.861035422344
4,C>T,81852.99638989169
4,G>A,183711.6621253406
5,A>C,16881.12927191679
5,T>G,8085.289256198346
5,A>G,72138.2763744428
5,T>C,89545.61983471074
5,A>T,9100.832095096583
5,T>A,11898.842975206611
5,C>A,28582.74368231047
5,G>T,12929.59128065395
5,C>G,4477.472924187726
5,G>C,8025.776566757493
5,C>T,43117.47292418773
5,G>A,133969.70027247956
6,A>C,19182.080237741455
6,T>G,11721.81818181818
6,A>G,77546.47845468053
6,T>C,57163.966942148756
6,A>T,16950.40118870728
6,T>A,73002.47933884297
6,C>A,135873.79061371842
6,G>T,9411.6621253406
6,C>G,8020.938628158845
6,G>C,6803.542234332425
6,C>T,42463.971119133574
6,G>A,100935.0408719346
7,A>C,12536.96879643388
7,T>G,12937.85123966942
7,A>G,44189.24219910847
7,T>C,64743.63636363636
7,A>T,14217.592867756315
7,T>A,35296.198347107435
7,C>A,64686.06498194946
7,G>T,8473.24250681199
7,C>G,21462.45487364621
7,G>C,28008.392370572208
7,C>T,170682.238267148
7,G>A,136719.72752043596
